Methane (%),Carbon Monoxide (ppm),Carbon Dioxide (%),Hydrogen Sulfide (ppm),Nitrogen (%),Oxygen (%),Sulfur Dioxide (ppm),Humidity (%),Temperature (Â°C),Classification
0.37,9.26,0.14,6.73,79.14,20.09,3.24,31.55,28.01,safe
0.95,27.1,0.13,7.97,79.61,20.21,0.86,37.47,27.18,safe
0.73,43.65,0.45,2.5,79.52,20.78,4.36,63.25,12.39,safe
0.6,36.61,0.13,6.25,78.31,20.01,3.07,60.67,33.06,safe
0.16,40.33,0.14,5.72,78.3,20.8,0.79,44.03,24.21,safe
0.16,32.94,0.38,8.33,78.54,19.63,4.81,45.07,19.09,safe
0.06,34.61,0.23,9.06,78.72,20.67,2.59,51.34,28.91,safe
0.87,42.46,0.39,0.12,78.82,20.77,0.36,30.01,16.43,safe
0.6,12.48,0.04,6.74,79.36,19.77,3.13,39.65,27.34,safe
0.71,24.47,0.25,0.52,78.11,20.15,1.27,38.33,10.99,safe
0.02,11.06,0.03,5.49,78.07,19.75,4.02,40.02,30.99,safe
0.97,49.38,0.04,2.88,78.78,20.56,4.09,62.24,21.2,safe
0.83,47.2,0.45,3.07,79.39,20.3,4.89,41.19,25.92,safe
0.21,1.97,0.08,3.53,78.39,20.45,2.51,37.66,15.53,safe
0.18,35.28,0.27,6.21,79.28,19.79,2.27,50.17,26.93,safe
0.18,46.26,0.21,3.34,78.52,19.82,3.77,64.63,29.31,safe
0.3,9.03,0.18,7.33,79.77,19.56,0.66,39.65,21.83,safe
0.52,28.4,0.45,4.05,79.79,19.98,2.73,33.14,25.44,safe
0.43,45.77,0.02,0.68,78.59,20.34,2.73,44.26,21.41,safe
0.29,1.7,0.34,7.84,78.46,20.79,0.45,59.91,32.35,safe
0.61,34.87,0.48,2.86,78.82,20.5,2.09,52.03,22.45,safe
0.14,14.87,0.28,4.33,78.48,20.15,4.27,62.67,31.05,safe
0.29,46.22,0.47,6.85,79.34,20.93,4.28,68.38,30.03,safe
0.37,48.55,0.04,3.32,79.65,20.58,0.5,61.71,20.26,safe
0.46,47.21,0.22,0.57,79.35,20.9,0.45,54.15,15.75,safe
0.79,23.71,0.14,3.74,79.65,20.29,1.31,49.73,20.15,safe
0.2,43.1,0.37,9.44,78.79,19.89,4.37,31.6,30.66,safe
0.51,42.23,0.49,6.42,78.31,19.58,0.64,69.37,15.69,safe
0.59,15.96,0.14,6.71,79.48,20.59,3.6,45.34,23.11,safe
0.05,41.45,0.33,6.32,78.72,19.68,0.51,36.09,30.15,safe
0.61,1.85,0.11,1.99,79.34,19.95,3.12,56.67,18.84,safe
0.17,29.81,0.29,4.18,78.54,20.3,1.78,41.37,26.06,safe
0.07,11.5,0.24,7.51,78.16,20.35,3.94,53.43,16.14,safe
0.95,6.03,0.49,1.01,79.99,20.4,1.17,53.47,12.73,safe
0.97,3.85,0.31,2.78,78.31,19.75,3.2,47.83,29.86,safe
0.81,34.81,0.18,2.76,79.98,20.07,1.18,63.44,12.47,safe
0.3,16.99,0.07,4.32,79.95,20.43,3.57,40.6,16.78,safe
0.1,36.24,0.08,9.8,79.59,20.95,4.37,47.95,31.38,safe
0.68,3.27,0.12,0.68,79.32,20.59,0.63,51.51,18.66,safe
0.44,15.76,0.13,5.19,79.16,20.88,4.33,56.54,34.33,safe
0.12,26.97,0.43,1.79,79.73,20.64,2.97,61.36,34.49,safe
0.5,39.54,0.28,9.71,78.58,20.39,0.64,45.79,16.71,safe
0.03,15.94,0.27,1.13,78.94,19.79,2.14,55.84,11.02,safe
0.91,31.29,0.07,4.04,79.24,20.5,0.8,36.02,27.63,safe
0.26,44.3,0.43,7.38,78.82,20.44,3.5,67.31,21.27,safe
0.66,30.79,0.36,7.05,78.85,20.4,3.79,45.32,12.52,safe
0.31,11.65,0.04,4.23,78.66,20.23,0.53,59.18,27.69,safe
0.52,1.22,0.36,3.47,79.13,20.29,2.53,30.81,10.78,safe
0.55,43.5,0.28,3.98,79.7,20,4.07,38.21,31.75,safe
0.18,1.06,0.05,2.64,78.4,20.28,4.68,49.48,13.47,safe
0.97,43.74,0.23,2.05,79.87,19.8,2.57,65.13,13.18,safe
0.78,26.45,0.25,4.83,79.38,20.71,4.75,51.09,14.39,safe
0.94,46.95,0.09,2.69,79.65,19.78,2.68,67.19,34.01,safe
0.89,39.94,0.47,2.87,79.11,19.63,1.97,49.35,27.33,safe
0.6,49.9,0.43,6.57,79.56,20.15,4.24,49.62,30.03,safe
0.92,17.54,0.34,9.69,78.03,20.49,2.46,34.79,19.94,safe
0.09,38.36,0.24,6.04,79.64,20.16,2.36,62.11,18.41,safe
0.2,20.1,0.21,0.77,78.08,19.92,2.45,39.88,15.86,safe
0.05,23.99,0.33,0.76,79.78,20.34,4.23,65.98,22.02,safe
0.33,31.38,0.28,9.51,79.98,20.02,4.16,66.43,23.8,safe
0.39,43.68,0.04,2.97,78.59,20.9,2.02,67.73,25.79,safe
0.27,49.2,0.26,0.92,78.42,20.88,1.67,50.81,16.43,safe
0.83,38.41,0.41,5.99,79.53,20.25,2.46,57.08,33.72,safe
0.36,20.89,0.24,6.24,78.51,19.99,2.86,61.14,14.24,safe
0.28,21.07,0.04,6.49,79.73,20.61,1.19,35.24,34.14,safe
0.54,36.88,0.4,2.67,78.21,19.56,3.97,54.04,10.37,safe
0.14,11.94,0.11,0.15,78.25,20.21,2.43,31.37,22.03,safe
0.8,5.52,0.14,9.65,79.96,20,1.67,49.9,18.33,safe
0.07,17.73,0.09,2.51,79.35,20.88,0.53,36.19,21.23,safe
0.99,14.36,0.17,6.76,79.69,19.52,1.19,37.32,24.27,safe
0.77,14.82,0.38,7.07,78.65,20.33,4.75,44.6,20.89,safe
0.2,11.68,0.26,6.1,79.35,20.61,1.53,47.3,20.37,safe
0.01,2.1,0.11,3.13,79.19,20.23,0.84,54.93,28.32,safe
0.82,0.89,0.44,2.71,79.21,19.63,2.3,32.98,27.15,safe
0.71,49.39,0.44,5.98,79.37,20.96,1.54,50.15,30.83,safe
0.73,21.39,0.44,8.66,79.15,20.28,0.18,37.31,16.25,safe
0.77,19.22,0.13,9.47,78.86,20.42,1.62,52.96,25.24,safe
0.07,33.98,0.23,1.06,78.55,19.85,2.72,55.5,24.63,safe
0.36,10.91,0.49,1.55,79.54,20.23,2.76,52.27,19.24,safe
0.12,47.5,0.39,9.45,78.45,20.14,1.78,59.53,22.15,safe
0.86,39.32,0.02,7.37,79.38,19.61,2.24,43.42,17.84,safe
0.62,4.47,0.04,8.83,78.47,19.66,4.83,60.6,13.55,safe
0.33,20.88,0.24,2.03,79.25,20.76,1.89,47.31,15.35,safe
0.06,43.96,0.46,5.88,79.49,19.86,1.29,49.37,12.64,safe
0.31,47.24,0.27,7.01,78.44,19.79,1.22,55.92,27.08,safe
0.33,23.37,0.25,6.8,78.12,20.26,2.29,30.73,26.52,safe
0.73,30.67,0.06,4.08,78.26,20.65,3.8,56.16,33.77,safe
0.64,8.35,0.33,0.15,79.21,19.59,1.03,54.74,28.24,safe
0.89,49.56,0.41,5.83,79.7,20.37,3.55,42.39,11.3,safe
0.47,11.58,0.2,2.53,78.09,19.68,0.11,33.43,32.11,safe
0.12,47.14,0.39,4.5,79.47,19.55,2.09,33.64,31.57,safe
0.71,32.48,0.48,9.58,78.68,19.58,3.88,66.93,21.08,safe
0.76,30.39,0.11,3.99,78.96,20.75,1.69,57.57,24.65,safe
0.56,25.63,0.27,8.4,79.86,19.68,2.82,35.08,34.4,safe
0.77,11.53,0.15,1.89,78.66,19.57,1.02,44.27,23.31,safe
0.49,8.83,0.4,6.72,78.93,20.16,3.71,53.7,32.63,safe
0.52,11.02,0.29,9.77,78.03,20.77,0.26,63.42,12.08,safe
0.43,9.32,0.32,1.02,78.16,19.89,4.26,31.75,14.78,safe
0.03,38.98,0.4,0.08,78.52,20.13,0.99,39.47,21.02,safe
0.11,17.51,0.2,4.34,78.06,19.56,4.37,65.59,24.62,safe
0.03,2.89,0.46,0.93,79.26,20.17,1.76,30.37,30.41,safe
0.64,48.46,0.27,7.48,78.85,20.37,3.61,38.06,34.71,safe
0.31,44.19,0.09,9.15,79.1,20.36,1.6,68.36,19.72,safe
0.51,46.39,0.35,4.34,78.35,20,4.53,54.54,11.19,safe
0.91,49.75,0.4,2.59,78.59,19.97,0.63,40.47,30.03,safe
0.25,8.69,0.17,4.34,79.33,19.66,0.89,32.68,25.11,safe
0.41,19.81,0.43,7.23,79.93,20.05,2.47,31.13,14.96,safe
0.76,37.91,0.45,0.09,78.1,19.65,0.41,39.79,22.37,safe
0.23,34.8,0.15,5.89,79.78,20.65,0.98,65.26,28.56,safe
0.08,7.69,0.49,6.13,79.15,20.95,4.72,46.64,29.26,safe
0.29,40.79,0.08,6.38,79.13,20.96,4.88,58.81,22.49,safe
0.16,11.22,0.11,2.42,79,20.8,1.88,66.73,17.63,safe
0.93,11.19,0.1,7.14,78.14,20.4,4.62,46.32,34.34,safe
0.81,26.85,0.45,0.91,78.18,20.55,2.72,37.65,26.58,safe
0.63,29.65,0.33,1.99,79.2,19.93,1.35,50.68,20.21,safe
0.87,29,0.08,8.77,78.68,20.45,3.51,66.32,17.01,safe
0.8,4.57,0.23,7.39,79.83,20.18,3.29,62.17,28.28,safe
0.19,43.87,0.31,0.14,78.81,20.22,4.95,32.63,16.05,safe
0.89,13.28,0.05,2.48,78.29,20.64,1.33,57.7,14.29,safe
0.54,6.48,0.44,2.14,79.43,19.92,3.36,52.88,23.25,safe
0.81,44.44,0.4,2.71,78.59,19.98,0.26,66.3,17.25,safe
0.9,47.78,0.26,2.48,79.05,20.89,0.57,34.9,25.72,safe
0.32,43.11,0.48,0.63,79.4,19.58,0.02,51.36,12.95,safe
0.11,40.48,0.21,4.59,79.8,20.23,5,65.18,26.37,safe
0.23,32.76,0.49,7.33,79.58,20.87,4.01,46.4,17.08,safe
0.43,27.54,0.34,6.07,79.35,20.42,3.93,49.28,10.01,safe
0.82,4.35,0.32,6.73,79.36,20.32,2.55,32.82,13.17,safe
0.86,20.42,0.09,0.81,79.89,19.87,1.5,41.13,33.34,safe
0.01,18.63,0.44,9.51,78.59,20.01,0.76,42.98,31.68,safe
0.51,12.99,0.22,8.38,78,20.78,1.42,67.8,15.84,safe
0.42,36.17,0.09,8.05,78.54,20.34,1.88,41.31,29.46,safe
0.22,24.79,0.02,8.23,78.44,20.27,3.78,48.43,25.21,safe
0.12,4.05,0.28,9.33,79.32,19.65,2.7,56.85,34.27,safe
0.34,11.01,0.27,5.44,79.27,19.52,0.39,36.49,19.34,safe
0.94,34.16,0.36,2,79.19,20.95,0.09,49.46,27.04,safe
0.32,3.81,0.45,6.17,78.03,20.07,0.51,59.54,11.59,safe
0.52,42.56,0.05,7.43,79.46,20.4,2.05,64.67,19.91,safe
0.7,24.76,0.37,7.38,78.65,19.62,4.67,55.05,34.1,safe
0.36,24.03,0.1,5.21,79.33,20.52,3.19,56.76,23.47,safe
0.97,29.62,0.43,0.68,79.11,20.9,4.01,35.05,17.2,safe
0.96,41.23,0.41,3.71,78.69,20.36,2.33,67.83,13.01,safe
0.25,17.39,0.27,9.21,78.27,19.69,1.81,35.3,27.59,safe
0.5,33.9,0.36,5.84,78.19,20.37,0.54,60.99,26.12,safe
0.3,28.29,0.16,5.38,79.66,20.65,4.38,40.59,19.35,safe
0.28,13.35,0.24,2.69,79.84,20.11,3.92,67.34,33.77,safe
0.04,43.93,0.41,3.68,79.3,20.82,0.84,58.8,10.56,safe
0.61,39.87,0.24,8.95,78.21,20.47,2.56,60.15,17.59,safe
0.5,32.92,0.19,6.66,78.8,20.85,2.44,38.76,33.03,safe
0.05,42.53,0.25,7.87,79.46,20.44,3.13,47.72,18.02,safe
0.28,43.36,0.42,4.54,79.56,19.7,4.73,54.71,16.31,safe
0.91,35.42,0.17,6.3,78.24,19.96,2.9,60.8,23.36,safe
0.24,41.85,0.1,2.48,78,19.8,2.7,34.16,30.6,safe
0.14,34.87,0.36,7.05,79.42,20.86,0.25,68.49,12.58,safe
0.49,34.01,0.41,4.28,78.71,20.64,0.31,65.61,33.58,safe
0.99,30.93,0.06,4.43,78.51,20.51,0.94,40.81,29.88,safe
0.24,37.64,0.13,6.49,78.03,19.95,0.16,62.91,14.53,safe
0.67,7.93,0.08,9.36,79.08,19.78,3.72,50.73,27.8,safe
0.76,44.04,0.18,0.64,79.7,20.63,3.62,48.47,19.62,safe
0.24,43.59,0.23,8.25,79.92,20.21,0.68,42.58,20.06,safe
0.73,1.46,0.38,2.92,79.13,19.84,4.18,53.24,29.58,safe
0.37,41.29,0.33,4.44,79.03,20.42,0.77,59.2,34.07,safe
0.63,6.44,0.31,0.22,78.17,19.56,1.51,46.44,13.17,safe
0.63,16.76,0.18,3.01,79.1,19.99,1.24,55.17,20.52,safe
0.54,37.18,0.42,5.03,78.76,20.2,1.86,57.97,22.02,safe
0.09,8.04,0.24,0.56,79.21,19.72,1.27,58.44,19.41,safe
0.84,40.9,0.49,4.91,78.78,20.98,2.44,32.08,19.08,safe
0.32,41.61,0.32,9.27,78.48,19.81,2.04,64.39,11.31,safe
0.19,25.37,0.07,1.05,78.19,19.7,4.93,48.33,27.14,safe
0.04,0.32,0.34,7.64,78.63,19.81,0.28,40.5,20.91,safe
0.59,14.35,0.17,4.1,78.19,20.65,0.71,39.67,14.87,safe
0.68,30.85,0.35,6.55,78.35,20.14,0.26,49.32,30.4,safe
0.02,49.06,0.04,2.6,79.97,20.35,3.13,65.47,30.06,safe
0.51,31.59,0.1,1.59,78.89,19.53,0.27,45.13,22.16,safe
0.23,12.99,0.43,1.6,79.06,19.55,4.18,59.99,17.46,safe
0.65,31.7,0.12,0.7,79.75,20.17,2.56,33.87,25.95,safe
0.17,27,0.42,1.86,79.99,20.72,2.64,49.04,17.2,safe
0.69,38.99,0.15,6.64,79.17,20.83,2.81,69.67,15.9,safe
0.39,5.35,0.33,8.82,79.62,19.63,0.85,60.82,28.26,safe
0.94,38.05,0.35,8.14,78.65,20.31,0.99,38.42,11.01,safe
0.14,27.06,0.26,6.85,78.61,20.87,1.59,50.06,12.37,safe
0.34,48.15,0.16,1.1,78.81,20.08,2.97,39.34,10.17,safe
0.11,17.09,0.11,2.89,79.35,20.74,1.05,46.38,13.82,safe
0.92,31.63,0.03,3.1,79.36,19.7,0.58,61.2,11.72,safe
0.88,46.6,0.16,2.5,78.63,20.9,4.85,60.85,34.9,safe
0.26,5.13,0.33,5.15,78.27,20.63,0.11,39.12,17.22,safe
0.66,46.86,0.47,5.36,79.26,20.91,4.01,66.89,13.73,safe
0.82,34.39,0.44,3.57,78.26,20.51,3.94,53.7,16.02,safe
0.56,3.39,0.39,3.54,79.16,20.05,1.49,45.2,33.4,safe
0.53,15.05,0.4,8.29,79.39,20.91,0.68,50.08,23,safe
0.24,35.41,0.34,7.89,79.4,19.91,0.73,54.2,19.12,safe
0.09,3.37,0.14,3.08,79.51,20,3.49,52.4,31.83,safe
0.9,29.11,0.45,9.14,79.75,20.55,3.21,49.46,19.87,safe
0.9,17.29,0.34,9.53,79,20.65,3.91,50.2,18.38,safe
0.63,31.05,0.28,3.27,79.46,20.89,4.69,37.06,15.18,safe
0.34,2.29,0.06,3.54,79.24,19.81,3.46,62.51,19.44,safe
0.35,43.58,0.23,5.06,78.37,20.7,0.78,51.67,17.92,safe
0.73,48.67,0.24,9.41,78.05,20.61,1.22,35.24,26.93,safe
0.9,48.44,0.43,8.76,78.57,19.6,4.21,60.65,17.24,safe
0.89,37.48,0.28,1.03,78.89,20.08,1.05,67.3,24.43,safe
0.78,6.5,0.2,3.93,79.23,19.92,0.36,67.89,11.65,safe
0.64,37.91,0.49,5.53,79.7,19.96,3.52,44.76,14.78,safe
0.08,1.23,0.06,5.03,78.39,20.97,2.01,35.42,20.19,safe
0.16,1.11,0.22,1.94,78.25,20.46,4.6,50.74,33.42,safe
0.9,16.18,0.03,8.59,79.93,20.58,3.25,34.5,19.43,safe
0.61,24.43,0.37,6.77,78.22,20.96,0.45,67.36,26.6,safe
0.01,38.52,0.46,8.38,78.96,20.07,4.74,37.34,16.38,safe
0.1,34.16,0.15,8.59,79.17,20.7,1.29,40.11,13.18,safe
0.66,22.3,0.43,7.48,79.08,20.15,1.69,46.27,11.46,safe
0.01,13.68,0.15,4.39,78.17,20.8,2.01,45.33,17.64,safe
0.16,49.86,0.46,6.11,78.11,19.77,0.26,61.79,13.94,safe
0.55,21.31,0.38,1.6,78.21,20.92,2.48,48.25,14.35,safe
0.69,22.57,0.4,6.74,79.17,19.83,0.62,36.83,29.02,safe
0.65,8.18,0.02,1.79,79.09,19.99,2,40.69,10.4,safe
0.22,39.74,0.48,6.94,78.47,20.63,1.75,50.36,23.95,safe
0.71,34.68,0.37,2.3,79.28,20.09,3.86,35.9,19.49,safe
0.24,11.04,0.16,1.18,79.64,20.41,4.02,54.47,22.66,safe
0.33,4.12,0.42,1.65,78.08,20.17,0.77,52.63,24.07,safe
0.75,34.02,0.15,0.02,79,20.61,1.83,58.59,17.83,safe
0.65,32.73,0.44,7.19,79.38,19.84,1.87,67.51,17.38,safe
0.85,13.66,0.07,7.32,78.5,19.59,0.76,66.49,28.34,safe
0.66,47.54,0.35,5.15,78.62,19.95,3.99,67.84,31.78,safe
0.57,7.55,0.27,1.61,79.23,20.21,3.54,39.79,14.81,safe
0.09,21.62,0.06,0.84,79.8,19.75,0.95,35.26,12.44,safe
0.37,47.18,0.13,0.19,79.62,20.03,1.83,42.09,32.44,safe
0.27,20.99,0.02,1.66,79.17,20.1,0.53,65.8,18.75,safe
0.24,31.93,0.24,8.91,79.46,19.59,3.14,68.88,23.78,safe
0.97,19.88,0.16,2.42,78.73,20.37,0.61,64.37,18.99,safe
0.39,13.71,0.3,3.54,79.28,20.83,4.93,34.4,13.15,safe
0.89,49.2,0.16,1.05,78.93,19.73,3.9,67.9,24.73,safe
0.63,20.47,0.16,2.22,78.38,20.4,1.95,46.93,23.13,safe
0.79,44.7,0.37,5.19,79.4,20.5,2.89,30.37,15.07,safe
0.5,11.5,0.03,6.08,79.11,20.13,4.56,47.7,21.3,safe
0.58,10.66,0.45,2.45,78.72,20.55,2.77,31.84,29.92,safe
0.49,1.56,0.43,0.58,79.82,20.12,0.87,51.76,24.76,safe
0.2,32.58,0.34,3.91,78.04,20.26,1.89,43.54,12.42,safe
0.72,18.43,0.3,2.34,78.63,19.51,4.22,48.94,23.7,safe
0.28,43.22,0.45,2.2,78.11,20.54,3.22,54.53,27.57,safe
0.02,23.66,0.1,9.6,79.53,20.49,3.25,64.75,29.82,safe
0.65,48.41,0.05,6.16,79.4,19.56,4.33,56.48,25.73,safe
0.18,9.28,0.13,5.57,78.66,20.05,4.47,47.36,13.82,safe
0.94,43.43,0.4,4.16,79.35,20.97,4.6,62.78,27.75,safe
0.95,38.83,0.03,4.29,78.79,20.13,0.47,66.22,26.93,safe
0.91,38.55,0.3,5.41,79.51,20.25,2.72,34.79,10.61,safe
0.37,42.24,0.5,6.96,78.91,20.86,3.7,51.28,20.29,safe
0.02,38.05,0.43,7.02,78.82,20.58,3.78,41.38,18.32,safe
0.93,31.31,0.27,1.72,79.87,20.37,3.03,31.88,26.74,safe
0.43,6.56,0.04,5,78.5,20.7,0.83,56.74,15.4,safe
0.97,1.63,0.42,4.12,78.24,20.8,3.99,64.51,24.77,safe
0.96,46.04,0.3,8.71,79.17,20.19,3.6,36.52,32.83,safe
0.85,30.83,0.07,6.31,79.94,20.21,0.43,62.5,29.95,safe
0.29,39.83,0.06,5.33,78.76,20.08,2.32,64.14,33.04,safe
0.39,24.08,0.46,1.15,78.12,20.95,0.87,66.57,34.46,safe
0.85,5.87,0.34,6.06,78.68,20.55,1.69,40.61,10.27,safe
0.32,6.26,0.42,1.17,79.01,19.62,0.09,66.16,25.57,safe
0.17,34.28,0.44,3.37,78.32,20.79,2,42.83,20.32,safe
0.56,21.52,0.29,1.43,79.32,20.22,2.75,52.09,31.5,safe
0.94,10.03,0.26,6.92,80,19.6,3.1,32.02,16.3,safe
0.7,24.58,0.22,2.06,78.9,20.32,3.32,31.76,34.53,safe
0.57,3.21,0.17,3.92,78.71,20.13,4.18,58.81,25.34,safe
0.1,29.1,0.22,8.96,78.8,20.82,1.08,47.78,29.84,safe
0.62,13.45,0.39,2.04,78.23,19.81,0.6,40.25,12.14,safe
0.99,39.88,0.3,5.08,79.77,20.74,4.26,37.62,14.59,safe
0.14,15.52,0.45,4.19,78.83,20.34,0.78,56.8,28.96,safe
0.52,22.76,0.23,0.18,78.77,19.58,4.87,30.02,10.55,safe
0.88,0.58,0.31,7.93,79.32,20.96,4.21,62.24,30.42,safe
0.74,3.62,0.32,0.69,78.88,20.27,2.5,33.17,10.35,safe
0.7,19.62,0.3,4.74,79.3,19.94,4.91,37.66,26.43,safe
0.7,24,0.35,5.61,78.12,20.2,0.49,45.45,19.13,safe
0.36,30,0.13,6.28,79.63,20.79,1.52,49.39,25.29,safe
0.29,14.58,0.26,6.89,79.88,19.96,3.19,44.2,27.4,safe
0.81,34.75,0.06,2.53,79.3,19.79,1.75,42.83,18.56,safe
0.81,43.01,0.2,0.1,79.91,19.69,4.64,68.56,12.7,safe
0.87,38.99,0.25,7.23,78.3,19.95,0.33,55.66,11.74,safe
0.91,1.98,0.33,5.36,78.95,20.67,2.75,30.94,24.72,safe
0.51,24.03,0.48,8.36,79.2,20.21,2.95,47.21,23.02,safe
0.5,5.25,0.3,8.21,79.16,19.84,3.26,65,28.56,safe
0.8,12.1,0.37,8.43,78.8,19.75,1.28,42.06,22.74,safe
0.65,49.33,0.26,4.85,78.68,20,1.82,33.78,20.56,safe
0.7,7.12,0.32,3.34,78.25,20.91,4.22,60.34,19.95,safe
0.8,24.94,0.04,7.92,78.78,20.01,0.97,54.24,10.66,safe
0.89,30.91,0.13,4.51,78.33,20.98,4.13,52.81,18.39,safe
0.34,35.12,0.19,1.83,79.47,20.23,2.81,32.14,34.4,safe
0.38,27.98,0.24,8.55,78.42,19.77,3.81,35.62,31.84,safe
0.09,0.49,0.03,8.83,78.12,20.84,3.57,54.9,18.23,safe
0.58,16.32,0.08,4.66,79.1,20.19,1.04,38.31,24.69,safe
0.04,25.89,0.15,0.76,79.19,20.56,2.84,50.16,31.18,safe
0.47,4.39,0.49,3.88,79.74,20.98,4.34,51.8,21.03,safe
0.54,17.53,0.17,8.04,79.15,19.58,2.16,41.34,10.45,safe
0.29,1.66,0.25,9.02,78.69,19.65,4.83,67.94,11.86,safe
0.59,3.93,0.11,2.03,79.61,20.58,2.26,63.7,22.76,safe
0.03,19.85,0.31,0.67,79.08,19.92,0.71,58.89,34.24,safe
0.04,6.64,0.15,8.77,78.16,19.78,1.95,33.12,27.33,safe
0.82,28.38,0.11,3.89,79.13,19.56,4.76,34.25,11.77,safe
0.36,34.47,0.26,5.42,79.82,19.53,1.6,49.71,14.73,safe
0.13,40.03,0.01,9.68,78.79,20.66,4.34,36.43,29.28,safe
0.52,10.01,0.01,0.67,78.59,19.7,4.41,69.13,31.04,safe
0.77,8.37,0.12,6.48,78.29,20.2,1.75,36.34,25.44,safe
0.22,5.23,0.03,0.74,78.3,20.41,0.42,49.5,26.11,safe
0.62,31.82,0.06,3.75,78.87,20.14,3.62,44.56,10.71,safe
0.09,35.32,0.18,8.04,79.19,19.54,1.56,55.58,30.71,safe
0.05,1.58,0.4,4.33,78.16,20.68,3.91,35.16,29.71,safe
0.53,46.81,0.29,9.97,79.88,19.52,2.21,47.21,16.48,safe
0.54,2.6,0.26,5.59,79.51,20.64,2.43,40.99,27.72,safe
0.64,27.06,0.15,3.21,79.17,20.84,3.89,65.51,15.37,safe
0.73,35.45,0.47,2.2,79.66,20.15,1.91,31.62,11.01,safe
0.98,43.55,0.2,3.51,78.16,20.3,2.22,66.55,15.03,safe
0.52,35.7,0.05,3.73,78.95,20.22,1.88,63.32,14.47,safe
0.32,40.09,0.31,0.69,79.26,20.08,1.84,41.9,18.44,safe
0.8,16.97,0.07,3.7,79.66,20.83,2.63,61.57,20.46,safe
0.27,40.74,0.18,4.64,79.57,20.84,4.04,31.25,22.71,safe
0.44,4.01,0.26,7.23,78.55,20,1.81,68.67,21.92,safe
0.08,44.74,0.44,6.57,79.88,20.42,2.62,51.06,16.77,safe
0.03,27.38,0.25,7.09,78.25,20.89,3.35,42.13,10.73,safe
0.96,40.86,0.35,0.08,79.75,20.94,1.35,44.5,25.13,safe
0.84,22.62,0.5,2.18,79.94,20.26,1.39,32.66,19.89,safe
0.7,32.18,0.07,6.62,78.35,20.18,4.67,69.57,17.47,safe
0.41,26.32,0.14,4.84,79.44,19.92,3.62,31.57,31.67,safe
0.17,36.58,0.2,0.05,78.08,20.94,2.89,56.2,28.67,safe
0.16,4.08,0.22,8.04,78.81,19.71,3.24,47.71,31.44,safe
0.25,3.02,0.21,7.73,79.03,20.37,0.15,67.96,22.37,safe
0.55,12.36,0.45,5.48,79.16,19.92,3.09,39.84,13.27,safe
0.71,7.98,0.36,0.66,79.87,19.92,2.55,51.28,27.41,safe
0.66,43.59,0.31,7.67,79.34,20.11,2.73,49.29,15.15,safe
0.28,10.96,0.16,5.84,78.96,21,1.8,58.11,21.03,safe
0.95,48.79,0.41,7.82,79.62,19.58,0.41,32.72,11.63,safe
0.74,16.84,0.48,7.52,79.9,20.37,0.97,37.75,30.63,safe
0.55,9.11,0.41,8.03,78.04,19.62,4.75,38.58,13.15,safe
0.61,39.48,0.01,5.18,79.97,19.73,2.04,59.53,32.58,safe
0.42,32.94,0.32,1.4,78.17,20.16,2.33,37.57,31.61,safe
0.25,24.91,0.04,6.71,79.63,20.27,0.26,52.94,21.61,safe
0.36,27.77,0.14,6.2,78.56,19.89,0.19,38.61,28.61,safe
0.76,35.96,0.04,7.42,78.26,19.97,3.59,64.46,25.49,safe
0.01,11.42,0.31,1.7,78.88,19.63,2.69,67.69,30.08,safe
0.12,49.82,0.35,1.95,79.29,19.95,2.54,50.74,20.8,safe
0.05,48.74,0.07,8.9,78.76,20.95,1.22,44.09,29.65,safe
0.04,32.52,0.2,7.5,78.11,20.92,3.72,39.36,21.56,safe
0.86,9.98,0.23,9.08,79.2,20,0.84,31.99,33.52,safe
0.7,34.01,0.19,7.59,79.8,20.36,0.95,40.74,22.16,safe
0.47,3.61,0.07,5.97,78.77,20.86,2.3,56.17,21.57,safe
0.1,1.53,0.22,6.54,78.43,19.51,1.43,51.34,29.63,safe
0.49,12.88,0.38,8.89,78.89,20.72,1.24,67.76,30.54,safe
0.47,23.13,0.04,5.79,78.1,20.92,3.23,45.85,23.86,safe
0.17,43.41,0.05,6.32,79.64,19.64,3.25,57.75,14.49,safe
0.43,36.36,0.18,1.56,79.65,19.74,4.12,49.57,21.69,safe
0.4,37.14,0.47,4.74,79.18,20.94,2.09,50.5,34.2,safe
0.62,21.27,0.34,7.16,78.71,20.31,0.37,40.71,28.82,safe
0.64,17.3,0.34,2.71,79.6,19.52,1.37,48.2,30.28,safe
0.05,18.55,0.19,2.02,79.11,19.89,4.9,48.83,10.82,safe
0.37,49.38,0.3,3.14,79.65,20.17,2.98,58.27,21.7,safe
0.63,2.01,0.01,2.42,79.26,20.54,3.55,67.63,26.17,safe
0.5,43.35,0.32,2.15,79.57,20.6,0.04,43.17,30.75,safe
0.86,28.93,0.46,4.25,79.2,20.99,2.59,31.69,11.23,safe
0.66,21.93,0.31,9.08,78.83,19.93,0.19,49.85,31.31,safe
0.16,36.26,0.44,5.07,79.92,20.31,2.85,51.78,23.71,safe
0.07,24.33,0.36,1.88,79.08,20.3,4.6,36.74,14.93,safe
0.64,43.67,0.07,0.77,79.21,20.11,4.84,60.42,17.93,safe
0.03,45.04,0.45,6.96,78.44,19.75,2.7,69.4,17.05,safe
0.59,21.09,0.04,3.83,79.25,20.97,2.29,67.83,23.27,safe
0.94,13.84,0.27,8.22,79.14,20.78,4.73,37.88,11.29,safe
0.58,29.62,0.08,6.6,78.37,20.25,3.37,65.01,13.96,safe
0.39,45.62,0.02,7.96,78.12,20.4,0.32,58.18,30.32,safe
0.64,10.53,0.22,2.72,79.21,19.84,2.33,48.15,13.32,safe
0.46,31.15,0.15,6.92,79.53,20.32,1.2,51.62,15.83,safe
0.55,31.58,0.25,2.64,79.05,20.54,2.35,63.98,21.33,safe
0.94,36.66,0.29,9.39,78.45,20.27,2.28,49.21,22.93,safe
0.39,6.58,0.03,6.36,79.33,20.99,2.91,44.93,29.09,safe
0.96,35.79,0.07,3.25,78.16,20.42,1.78,49.73,21.18,safe
0.91,45.45,0.28,2.7,78.88,20.06,0.82,53.17,29.75,safe
0.2,8.98,0.18,1.91,78.33,20.66,2.52,37.56,25.46,safe
0.07,11.88,0.37,6.95,78.37,19.76,4.15,66.04,12.83,safe
0.1,48.57,0.33,2.19,78.4,20.08,3.32,56.97,13.91,safe
0.02,9.05,0.42,5.95,78.77,20.02,1.69,55.33,20.93,safe
0.09,42.72,0.35,2.65,78.1,20.15,4.68,33.98,19.92,safe
0.68,24.61,0.22,6.62,78.8,20.67,4.56,54.17,28.59,safe
0.07,12.36,0.34,8.15,79.02,20.23,1.05,34.84,24.52,safe
0.32,43.54,0.14,7.78,78.97,20.69,0.2,33.15,19.7,safe
0.84,22.27,0.16,7.61,78.77,20.36,3.71,51.09,14.27,safe
0.02,25.74,0.4,1.88,79.68,20.01,4.14,46.11,15.67,safe
0.81,17.96,0.23,0.88,78.29,20.71,4.84,53.55,24.39,safe
0.28,29.65,0.4,6.99,79.01,19.86,4.45,33.57,20.59,safe
0.12,8.18,0.41,3.68,78.12,19.84,3,47.24,22.87,safe
0.7,19.55,0.43,4.32,78.14,20.26,2.65,36.99,14.27,safe
0.63,48.47,0.46,0.31,79.15,19.89,0.14,69.48,26.57,safe
0.88,12.91,0.22,2.6,79.13,19.51,1.23,52.45,31.31,safe
0.74,32.84,0.17,0.34,79.76,20.47,2.3,57.5,16.45,safe
0.8,16.26,0.3,8.79,79.12,20.27,3.14,43.02,22.29,safe
0.28,38.67,0.19,2.43,79.92,20.17,2.79,33.79,34.39,safe
0.18,6.54,0.3,5.57,78.1,20.95,3.71,69.03,18.33,safe
0.75,48.49,0.36,0.39,78.2,20.36,1.4,41.45,24.88,safe
0.81,22.69,0.35,6.67,78.09,20.8,2.82,46.95,12.25,safe
0.99,11.8,0.19,3.23,78.37,19.71,0.44,55.99,25.15,safe
0.41,3.67,0.09,8.98,79.08,20.35,2.07,30.99,12.24,safe
0.37,8.49,0.22,8.88,79.29,20.8,3.75,62.41,33.98,safe
0.78,25.99,0.08,3.25,78.09,20.37,3.47,51.46,27.89,safe
0.34,16.85,0.45,9.01,79.89,20.58,4.95,41.13,29.7,safe
0.93,41.44,0.18,9.96,79.68,20.06,1.39,32.46,27.6,safe
0.86,21.54,0.09,8.25,78.59,19.64,2.49,36.5,24.74,safe
0.43,12.44,0.02,8.45,78.15,20.19,1.65,65.8,21.25,safe
0.75,30.86,0.33,2.49,78.34,20.09,2.2,57.44,31.46,safe
0.75,35.34,0.32,5.77,78.25,20.8,4.28,40,33.92,safe
0.1,8.35,0.18,0.67,78.25,19.87,3.42,32.62,22.48,safe
0.9,8.38,0.05,0.95,79.04,20.95,4.41,57.62,33.29,safe
0.51,1.83,0.21,9.99,78.49,20.94,1.02,52.9,24.58,safe
0.83,36.82,0.16,3.27,78.72,19.87,4.37,46.18,23.46,safe
0.32,33.19,0.34,7.48,79.98,20.02,0.3,44.54,21.36,safe
0.9,23.73,0.31,8.07,79.37,20.84,4.44,38.67,15.23,safe
0.39,42.21,0.19,8.58,79.9,20.95,1.65,56.78,10.09,safe
0.01,40.28,0.12,9.98,78.29,20.17,1.57,68.83,16.04,safe
0.91,29.27,0.49,2.41,78.76,19.98,2.56,37.03,22.74,safe
0.09,43.41,0.23,0.4,79.11,20.29,4.7,53.88,19.5,safe
0.32,10.29,0.35,4.11,78.15,20.53,0.24,46.97,21.21,safe
0.95,5.6,0.08,1.3,78.01,19.91,1.76,47.87,34.52,safe
0.95,13.49,0.25,0.22,79.34,20.6,4.28,40.17,18.76,safe
0.57,2.85,0.02,3.6,79.28,19.58,1.98,63.01,21.3,safe
0.63,26.56,0.26,7.84,78.82,19.57,1,49.41,13.34,safe
0.45,46.83,0.48,5.66,78.98,20.08,2.12,51.74,11.2,safe
0.29,1.97,0.2,3.13,78.83,20.03,1.93,42.19,29.39,safe
0.33,6.11,0.03,6.54,78.05,19.97,4.58,37.27,24.27,safe
0.67,22.61,0.03,2.32,78.67,20.24,3.81,33.44,29.02,safe
0.75,46.69,0.2,0.14,78.35,19.98,2.53,58.56,13.75,safe
0.79,15.81,0.09,7.64,78.2,19.79,4.94,37.85,24.3,safe
0.79,25.36,0.02,6.24,79.91,19.96,2.33,57.6,16.34,safe
0.09,2.08,0.38,7.62,79.2,20.96,0.29,45.62,15.7,safe
0.49,7.42,0.23,0.39,79.46,20.12,1.31,46.63,10.29,safe
0.06,49.33,0.15,8.37,78.63,20.17,2.18,48.77,13.26,safe
0.55,48.26,0.45,6.2,78.79,20.36,0.78,44.71,17.73,safe
0.44,0.25,0.07,5.63,78.47,20.98,4.74,34.02,12.92,safe
0.89,47.59,0.48,6.25,78.19,19.86,3.83,42.39,34.65,safe
0.35,31.96,0.16,8.64,78.36,20.52,1.34,56.55,17.72,safe
0.12,43.4,0.45,5.87,79.6,20.57,2.95,56.63,13.26,safe
0.14,22.74,0.31,5.81,79.36,20.41,3.61,41.45,14.98,safe
0.76,25.78,0.42,9.91,79.09,19.63,4.71,48.4,24.69,safe
0.62,24.44,0.49,7.57,78.95,20.52,4.41,37.74,11.6,safe
0.1,33.34,0.15,4.42,79.84,19.6,2.58,38.41,31.56,safe
0.08,6.98,0.48,7.07,78.15,20.39,3.87,30.92,34.04,safe
0.7,1.5,0.2,3.89,78.56,20.61,2.81,65.87,16.17,safe
0.07,15.4,0.2,2.29,78.7,19.82,2.76,38.43,21.25,safe
0.82,35.23,0.18,5.97,79.56,20.76,0.57,39.1,10.55,safe
0.71,10.09,0.28,9.28,79.99,19.55,0.63,41.18,26.02,safe
0.08,33.67,0.09,9.29,78.48,20.77,2.65,35.1,20.35,safe
0.08,48.5,0.28,3.42,79.75,20.19,1.34,55.57,16.75,safe
0.99,4.7,0.28,5.28,79.66,19.83,0.11,33.01,15.17,safe
0.37,33.63,0.38,2.12,78.45,19.7,3.61,35.37,26.35,safe
0.37,22.19,0.42,9.96,78.8,20.93,0.16,55.79,20.41,safe
0.81,43.41,0.23,9.81,78.82,19.61,2.98,43.59,14.49,safe
0.95,8.86,0.16,6.5,79.96,19.8,2.7,58.32,27.23,safe
0.99,34.63,0.14,8.04,78.36,20.02,4.84,52.3,24.13,safe
0.75,41.91,0.11,7.15,79.6,20.43,2.42,40.24,31.47,safe
0.38,47.23,0.04,5.93,78.67,20.32,0.32,56.03,12.94,safe
0.08,34.16,0.18,0.53,79.46,19.69,2.76,34.65,29.64,safe
0.78,24.86,0.14,4.55,78.84,19.93,4.21,51.46,26.84,safe
0.56,30.89,0.48,6.75,79.16,19.86,4.98,47.49,12.88,safe
0.42,43.45,0.28,6.78,79.67,19.82,2.15,40.71,27.37,safe
0.91,28.53,0.18,3.73,79.61,20.12,1.6,54.16,21.04,safe
0.11,1.52,0.29,9.42,79.73,20.56,4.53,64.85,33.62,safe
0.49,46.55,0.08,1.67,78.12,19.83,0.96,69.96,13.54,safe
0.01,34.48,0.23,5,79.38,20.05,3.08,54.31,26.07,safe
0.47,33.83,0.32,6.91,78.28,20.09,2.03,46.19,19.55,safe
0.06,10.78,0.25,6.97,78.83,20.96,0.21,39.01,33.92,safe
0.12,32.94,0.21,6.49,79.1,20.93,1.74,40.28,18.25,safe
0.12,19.69,0.5,2.75,78.81,20.7,1.33,49.18,34.05,safe
0.65,32.56,0.44,1.56,79.04,19.86,3.43,44.69,32.54,safe
0.75,5.33,0.32,6.36,79.99,19.6,4.74,66.55,16.76,safe
0.58,32.89,0.29,5.99,78.27,19.98,1.34,44.73,30.09,safe
0.96,49.97,0.31,1.79,79.35,19.9,4.06,44.94,34.89,safe
0.37,2.41,0.11,7.05,78.79,20.26,0.28,45.34,16.32,safe
0.29,48.86,0.2,4.55,78.27,20.67,2.69,63.46,20.92,safe
0.87,20.35,0.03,6.68,78.32,20.79,0.35,56.03,23,safe
0.22,43.54,0.24,8.37,79.9,20.77,4.67,54.57,17.37,safe
0.96,39.12,0.28,1.7,79.76,20.04,3.83,43.37,10.38,safe
0.01,28.35,0.12,0.19,79.81,20.53,3.29,62.72,15.5,safe
0.97,36.92,0.48,7.79,79.98,19.97,4.12,31.53,17.05,safe
0.04,43.93,0.46,6.1,78.42,19.59,3.24,64.83,21.09,safe
0.89,20.21,0.36,7,78.71,20.55,4.84,50.51,14.28,safe
0.53,16.35,0.27,8.38,79.34,19.51,3.57,45.93,31.83,safe
0.99,33.38,0.44,8.03,78.97,20.11,4.62,49.89,27.62,safe
0.07,40.39,0.07,9.61,78.84,19.99,2.59,56.7,12.13,safe
0.55,38.11,0.4,5.36,78.72,20.54,0.59,30.51,26.25,safe
0.97,39.89,0.07,4.88,79.19,20.65,2.64,64.86,26.34,safe
0.52,21.78,0.4,4.02,79.15,19.96,0.63,47.87,33.91,safe
0.63,40.89,0.15,1.54,78.32,20.72,2.96,43.72,10.08,safe
0.7,6.01,0.44,5.73,78.94,19.94,2.41,35.53,16.2,safe
0.45,27.22,0.47,2.77,79.11,20.17,3.11,47.58,33.19,safe
0.63,0.29,0.08,9.21,79.14,20.59,0.05,49.85,33.3,safe
0.58,16.23,0.24,5.83,78.42,20.54,0.97,46.15,28.01,safe
0.9,18.32,0.49,5.93,79.48,20.98,2.46,57.15,29.14,safe
0.05,19.81,0.25,3.55,78.05,19.84,4.75,46.84,12.29,safe
0.28,34.77,0.43,0.52,78.71,20.49,1.92,68.46,22.85,safe
0.95,19.43,0.3,0.32,79.56,20.41,2.12,53.97,15.79,safe
0.89,22.43,0.19,4.23,79.13,20.87,3.57,62.3,14.53,safe
0.46,11.88,0.15,0.85,78.52,19.73,3.02,34.37,30.26,safe
0.62,18.66,0.11,6.07,79.39,20.63,1.49,45.89,13.38,safe
0.28,11.36,0.38,8.81,79.13,20.35,2.05,43.47,21.72,safe
0.19,3.66,0.2,8.83,79.59,19.91,1.09,52.78,33.46,safe
0.46,30.17,0.26,6.59,79.47,20.21,4.83,64.44,14.65,safe
0.35,33.41,0.25,2.11,79.22,20,0.65,33.13,34.45,safe
0.58,30.97,0.29,8.63,78.98,20.37,1.86,32.9,34.86,safe
0.08,23.17,0.43,8.86,78.27,20.83,0.13,64.01,23.89,safe
0.97,18.99,0.49,1.97,78.52,20.35,1.11,38.51,14.25,safe
0.99,43.17,0.21,7.37,78.84,20.45,3.9,56.75,17.9,safe
0.7,25.95,0.42,2.87,79.2,20.28,1.01,51.72,20.61,safe
0.54,23.96,0.38,8.03,79.03,19.58,0.4,63.32,17.73,safe
0.31,1.28,0.29,9.97,78.58,19.85,2.37,35,17.02,safe
0.81,17.06,0.48,0.3,78.01,20.24,0.05,35.19,34.31,safe
0.68,19.01,0.11,8.97,78.99,19.97,0.42,52.27,13.83,safe
0.16,19.94,0.06,6.23,78.57,19.77,4.04,67.86,28.33,safe
0.91,29.01,0.43,9.73,79.47,20.26,3.86,46.6,10.01,safe
0.82,26.68,0.23,4.65,78.05,19.98,4.58,43.08,24.9,safe
0.95,30.4,0.43,8.47,79.17,19.89,4.27,54.27,32.9,safe
0.73,38.24,0.45,0.62,79.88,20.2,3.42,67.22,17.2,safe
0.61,40.65,0.04,3.35,78.35,19.7,0.26,63.48,14.64,safe
0.42,35.91,0.44,0.67,78.94,20.89,3.91,69.82,26.29,safe
0.93,47.78,0.23,9.75,78.18,20.8,4.23,30.9,27.82,safe
0.87,0.91,0.26,8.17,79.25,20.56,4,34.51,27.2,safe
0.05,9.79,0.32,8.53,79.1,19.66,2.54,54.38,17.98,safe
0.03,0.38,0.46,9.38,78.81,20.66,1.16,62.82,16.31,safe
0.38,32.37,0.02,0.85,79.04,20.71,4.23,41.41,33.9,safe
0.81,44.9,0.24,3.86,79.79,20.65,3.64,39.57,33.08,safe
0.99,12.17,0.35,0.71,78.39,19.67,4.9,61.48,21.43,safe
0.15,46.35,0.36,2.11,78.05,20.47,0.78,32.26,31.15,safe
0.59,3.01,0.35,2.29,79.72,20.75,1.13,44.78,21.31,safe
0.38,46.72,0.08,4.69,79.15,20.37,1.06,50.23,20.61,safe
0.97,17.58,0.16,2.69,79.78,20.47,3.96,52.41,13.92,safe
0.84,5.07,0.19,1.01,79.19,20.19,0.93,59.14,20.66,safe
0.84,24.29,0.4,1.67,79.62,20.29,0.33,44.19,23.44,safe
0.47,12.84,0.15,1.47,78.86,19.55,4.99,54.51,10.56,safe
0.41,14.24,0.11,9.73,79.5,20.46,0.12,53.42,21.1,safe
0.27,15.36,0.48,7.59,79.83,19.62,4.18,51.9,29.53,safe
0.06,40.15,0.01,9.68,79.14,20.15,1.83,55.62,27,safe
0.86,26.96,0.5,4.4,78.36,19.94,4.21,40.38,25.88,safe
0.81,15.57,0.34,2.78,78.54,20.32,2.77,33.39,32.74,safe
1,30.52,0.42,7.98,78.4,19.7,4.51,34.77,10.45,safe
1,35.81,0.15,3.26,78.49,20.54,4.63,38.98,23.93,safe
0.56,13.63,0.02,2.99,78.61,20.69,0.05,50.01,29.68,safe
0.77,20.68,0.37,2.33,79.11,19.75,0.38,63.62,23.53,safe
0.94,6.09,0.42,1.3,79.18,19.66,1.25,58.05,18.1,safe
0.85,9.06,0.37,2.56,78.85,19.72,3.35,61.56,13.41,safe
0.25,34.06,0.08,3.55,79.23,20.82,4.44,44.04,32.19,safe
0.45,9.07,0.38,6.74,78.16,20.29,2.3,46.19,21.77,safe
0.13,26.26,0.39,0.63,78.18,20.2,3.03,45.75,31.95,safe
0.95,35.45,0.33,2.11,78.34,19.66,0.94,37.67,24.65,safe
0.61,5.34,0.39,8.09,79.04,20.47,4.02,32.45,26.85,safe
0.23,28.37,0.42,1.47,78.43,20.8,4.84,53.64,30.11,safe
0.67,12.83,0.31,3.43,78.57,20.74,1.34,69.57,26.48,safe
0.62,48.15,0.05,8.65,78.8,20.44,2.47,36.67,19.95,safe
0.36,24.18,0.25,1.55,79.62,19.61,0.43,31.87,22.84,safe
0.11,40.3,0.05,0.83,78.03,19.67,2.8,61.18,30.08,safe
0.67,27.51,0.21,4.85,79.3,19.57,2.51,40.1,19.34,safe
0.52,2.17,0.21,3.02,79.34,19.89,0.72,63.19,19.7,safe
0.77,31.66,0.04,5.63,79.6,19.7,2.21,58.16,12.39,safe
0.52,47.57,0.18,8.04,79.87,19.89,1.67,67.83,32.86,safe
0.85,30.08,0.06,1.37,78.04,20.08,2.61,46.36,12.28,safe
0.55,40.96,0.41,5.81,78.31,20.91,2.93,56.48,26.21,safe
0.56,44.21,0.47,5.06,79.77,20.42,0.04,48.59,20.33,safe
0.88,11.4,0.05,1.44,78.92,20.75,3.81,55.22,20.14,safe
0.4,10.6,0.48,6.24,79.13,20.57,3.57,47.98,26.99,safe
0.13,30.55,0.27,2.74,79.33,19.67,1.83,37.55,11.68,safe
0.03,20.55,0.16,4.88,79.36,20.6,0.26,50.32,24.84,safe
0.76,41.99,0.05,0.82,79.86,19.91,3.77,51.14,29.3,safe
0.62,45,0.26,4.6,79.99,20.46,4.78,62.42,30.71,safe
0.7,17.67,0.4,3.06,79.44,20.01,1.2,59.42,14.26,safe
0.21,11.84,0.36,8.22,78.57,21,1.62,56.55,32.44,safe
0.14,39.03,0.03,0.57,79.76,19.9,0.92,34.54,26.4,safe
0.01,13.74,0.05,4.19,78.1,19.92,2.88,58.82,32.05,safe
0.35,41.13,0.21,4.58,78.46,20.9,0.77,50.01,22.13,safe
0.59,21.19,0.15,7.25,79.79,19.54,1.78,65.76,23.55,safe
0.39,33.38,0.12,5.74,78.51,20.55,3.49,66.79,32.98,safe
0.44,4.78,0.15,6.67,78.44,20.59,2.8,32.21,32.5,safe
0.9,31.19,0.4,7.77,78.28,20.75,1.93,62.83,21.2,safe
0.35,22.59,0.47,8.62,79.72,20.96,2.1,31.51,16.86,safe
0.51,29.33,0.21,3.14,79,20.96,2.81,44.69,19.83,safe
0.78,8.4,0.45,5.38,79.35,19.6,0.03,51.69,19.69,safe
0.4,36.84,0.17,8.4,78.48,20.73,0.39,35.92,17.17,safe
0.62,43.14,0.24,9.89,79.52,20.47,4.41,59.85,16.71,safe
0.86,10.84,0.12,8.9,79.52,20.47,0.39,30.33,31.53,safe
0.95,4.79,0.32,3.71,78.63,19.69,3.53,36.74,11.75,safe
0.15,1.18,0.49,1.95,78.82,20.48,4.6,53.23,26.94,safe
0.93,32.1,0.31,4.89,78.42,20.97,1.35,58.58,14.32,safe
0.49,30.35,0.19,7.42,79.95,20.87,1.85,66.67,18.61,safe
0.26,27.33,0.33,4.93,79.29,20.16,2.84,58.22,11.54,safe
0.46,11.6,0.07,4.83,79.87,19.56,4.41,56.87,16.75,safe
0.98,19.55,0.45,8.38,78.61,20.04,4.71,45.77,29.21,safe
0.49,29.72,0.26,3.61,79.56,20.74,3.7,30.05,32.13,safe
0.33,24.84,0.23,8.6,79.53,20.55,0.43,34.81,15.54,safe
0.63,49.39,0.3,4.07,79.38,20.19,3.35,51.38,21.59,safe
0.24,6.82,0.32,3.28,79.93,19.58,2.05,57.01,21.76,safe
0.08,34.76,0.05,4.54,78.79,20.14,2.35,46.7,31.84,safe
0.13,20.22,0.34,7.62,78.26,20.2,0.25,59.23,29.07,safe
0.13,21.41,0.13,1.26,79.34,20.89,0.96,50.87,22.83,safe
0.15,35.88,0.36,1.96,79.46,20.46,3.95,32.97,26.77,safe
0.14,34.62,0.41,9.51,79.15,19.97,2.27,37.68,31.18,safe
0.64,49.56,0.4,1.75,78.41,20.29,1.51,63.6,10.24,safe
0.18,6.42,0.28,5.68,79.01,19.6,1.92,59,20.07,safe
0.35,5.21,0.26,5.79,78.62,20.96,4.27,65.79,32.68,safe
0.9,36.22,0.08,4.9,78.85,20.04,3.74,34.7,28.51,safe
0.47,28.92,0.39,6.45,79.29,20.22,1.36,69.61,23.57,safe
0.67,13.71,0.14,2.3,79.49,20.03,0.59,38.38,23.24,safe
0.17,3.97,0.25,5.53,78.46,20.52,1.26,30.47,18.69,safe
0.19,4.28,0.15,3.72,78.81,20.49,4.6,69.9,23.01,safe
0.04,44.71,0.08,6.62,78.54,20.57,2.91,41.24,26.38,safe
1.17,78.78,0.81,15.65,77.2,18.4,13,80.02,37.09,moderate
1.28,98.51,0.53,32.84,77.78,18.47,13.95,72.65,38.57,moderate
1.18,84,0.87,17.41,77.91,18.19,10.49,78.7,39.31,moderate
1.09,103.25,0.66,21.15,77.37,18.98,17.11,83.56,35.77,moderate
1.12,60.41,0.5,18.75,77.75,18.06,12.85,74.8,37.26,moderate
1.46,127.86,0.76,17.31,77.9,18.9,6.75,80.05,37.04,moderate
1.21,60.14,0.52,43.03,77.85,19.3,6.94,72.82,38.44,moderate
1.36,170.05,0.64,21.43,77.18,19.34,13.05,79.37,36.25,moderate
1.5,85.06,0.85,47.08,77.96,18.67,19.05,75.05,38.2,moderate
1.69,131,0.53,48.8,77.38,18.69,9.63,73.17,39.39,moderate
1.04,182.01,0.92,32.85,77.34,18.12,18.04,74.7,37.09,moderate
1.8,147.63,0.5,15.72,77.06,19.01,16.46,72.68,39.56,moderate
1.63,129.94,0.62,24.98,77.49,19.23,8.72,83.53,39.97,moderate
1.08,98.65,0.87,41.91,77.11,18.37,5.55,75.96,35.53,moderate
1.87,99.95,0.66,24.7,77.25,18.63,6.53,73.68,36.17,moderate
1.92,150.42,0.55,13.48,77.32,19.26,15.93,76.73,39.75,moderate
1.06,199.12,0.68,32.27,77.81,19.32,8,74.81,39.79,moderate
1.28,149.28,0.64,43.8,77.88,18.36,10.57,81.17,35.49,moderate
1.81,133.67,0.92,41.84,77.3,18.83,12.53,84.57,35.07,moderate
1.75,159.6,0.66,17,77.86,18.29,15.88,76.57,35.81,moderate
1.18,119.78,0.89,36.91,77.86,18.15,6.7,82.92,39.98,moderate
1.21,59.02,0.95,18.82,77.76,19.37,11.1,78.49,35.9,moderate
1.37,134.34,0.72,18.73,77.15,19.23,12.28,72.36,37.51,moderate
1.48,193.64,0.95,44.96,77.69,19.14,13.11,80.36,39.24,moderate
1.62,76.3,0.69,19.99,77.95,18.07,17.28,77.7,35.1,moderate
1.37,153.5,0.98,20.53,77.68,19.27,7.58,79.76,38.02,moderate
1.46,80.14,0.54,10.03,77.33,18.66,17.12,83.35,36.39,moderate
1.75,130.37,0.84,44.83,77.5,18.51,15.39,76.61,39.31,moderate
1.04,64.5,0.75,41.7,77.65,18.82,13.34,83.52,36.42,moderate
1.25,117.56,0.69,35.09,77.51,18.14,15.49,81.26,38.43,moderate
1.71,163.42,0.82,40.01,77.12,19.13,11.18,77.33,38.37,moderate
1.9,102.14,0.85,16.08,77.31,18.87,7.08,79.05,36.11,moderate
1.51,149.74,0.5,28.33,77.8,18.28,14.99,74.88,35.17,moderate
1.53,169.32,0.58,24.05,77.86,18.28,12.87,84.75,37.05,moderate
1.11,189.08,0.86,13.75,77.14,18.28,14.59,80.01,36.45,moderate
1.45,85.2,0.83,29.45,77.95,18.09,10.07,70.66,39.04,moderate
1.53,109.9,0.98,46.83,77.33,18.88,18.6,74.9,39,moderate
1.24,72.86,0.88,11.6,77.66,19.26,13.81,79.35,37.29,moderate
1.27,198.87,0.98,21.66,77.75,18.03,6.28,70.84,38.03,moderate
1.38,189.05,0.85,18.3,77.81,18.07,11.75,70.36,38.02,moderate
1.02,130.99,0.65,19.53,77.95,18.86,16.35,76.75,39.14,moderate
1.32,176.3,0.55,46.34,77.31,19.23,16.91,74.99,37.13,moderate
1.21,128.14,0.89,28.72,77.86,18.49,12.42,76.57,36.38,moderate
1.33,143.54,0.82,28.65,77.13,18.52,18.42,73.94,36.33,moderate
1.12,63.37,0.52,40.42,77.71,18.89,9.02,72.47,37.68,moderate
1.89,163.29,0.68,16.18,77.74,18.41,11.16,80.34,37.25,moderate
1.59,69.16,0.98,29.49,77.68,18.04,18.48,77.72,37.2,moderate
1.68,173.91,0.75,27.2,77.25,19.1,18.44,73,35.46,moderate
1.79,167.3,0.72,33.88,77.87,18.94,15.29,74.79,38.59,moderate
1.5,156.31,0.73,49.98,77.17,18.87,17.88,78.88,36.07,moderate
1.09,55.42,0.6,40.78,77.05,19.11,6.33,71.08,35.98,moderate
1.54,95.47,0.68,25.91,77.72,19.01,17.97,72.21,37.06,moderate
1.59,89.47,0.68,43.1,77.48,18.31,9.81,71.1,36.14,moderate
1.75,104.02,0.53,16.83,77.85,18.53,7.67,82.18,37.92,moderate
1.43,63.15,0.88,11.22,77.38,18.19,8.59,81.29,36.86,moderate
1.13,190.54,0.71,18.18,77.17,18.19,11.27,81.3,37.24,moderate
1.28,133.07,0.91,23.62,77.84,19.01,8.77,80.74,37.69,moderate
1.36,95.83,0.93,30.42,77.55,19.29,9.81,80.04,36.02,moderate
1.65,109.55,0.61,34.61,77.19,19.44,7.02,77.15,35.78,moderate
1.57,117.08,0.83,46.42,77.72,18.94,9.44,79.63,39.4,moderate
1.36,140.09,0.74,30.39,77.51,18.28,13.58,70.58,37.17,moderate
1.99,127.35,0.94,30.05,77.6,18.16,11.63,79.32,37.06,moderate
1.61,187.91,0.61,12.01,77.46,19.22,10.2,81.67,35.18,moderate
1.24,124.54,0.84,11.4,77.83,18.87,16.2,77.51,37.49,moderate
1.1,198.82,0.8,32.05,77.83,18.93,18.4,75.36,37.77,moderate
1.15,177.71,0.65,27.53,77.71,19.17,16.35,74.16,37.79,moderate
1.25,81.28,0.57,43.57,77.11,19.05,9.98,79.64,38.54,moderate
1.16,189.59,0.83,16.43,77.84,19.25,16.17,80.39,35.89,moderate
1.19,67.45,0.87,11,77.67,18.08,7.28,83.06,36.26,moderate
1.29,172.62,0.66,27.96,77.7,19.12,6.95,75.14,39.05,moderate
1.17,107.09,0.82,19.5,77.36,19.28,10.18,81.55,39.74,moderate
1.9,181.7,0.7,11.98,77.88,18.43,17.12,78.42,35.68,moderate
1.08,180.21,0.86,38.98,77.73,18.96,8.7,83.24,37.49,moderate
1.52,170.89,0.6,14.46,77.11,18.47,5.95,77.92,36.07,moderate
1.41,168.5,0.95,34.33,77.41,19.44,6.98,77.76,35.3,moderate
1.98,95.7,0.64,21.24,77.89,18.05,17.88,78.67,36.63,moderate
1.11,62.14,0.68,16.94,77.05,18.87,14.51,81.24,35.72,moderate
1.4,110.45,0.53,25.19,77.96,18.25,8.8,84.47,38.55,moderate
1.97,76.03,0.56,42.06,77.68,19.07,13.33,71.1,37.67,moderate
1.87,154.24,0.76,25.68,77.63,18.26,12.91,70.8,35.72,moderate
1.82,101.91,0.63,40.03,77.27,18.35,14.83,84.06,35.05,moderate
1.26,196.34,0.92,15.02,77.25,18.74,8.5,77.95,39.04,moderate
1.17,146.15,0.51,40.91,77.94,19.37,17.97,79.22,35.88,moderate
1.67,173.37,0.69,19.48,77.3,18.32,9.64,77.24,38.03,moderate
1.93,69.88,0.67,37.1,77.78,18.22,15.41,71.4,36.68,moderate
1.56,179.3,0.51,32.63,77.39,19.14,5.24,81.52,37.93,moderate
1.57,188.41,0.56,47.17,77.14,18.75,10.59,81.21,36.58,moderate
1.28,123.06,0.71,25.49,77.01,19.37,10.28,74.68,35.43,moderate
1.77,140.94,0.75,12.65,77.54,18.22,13.15,74.59,36.11,moderate
1.19,164.72,0.7,10.77,77.98,18.97,6.09,82.57,35.94,moderate
1.32,76.23,0.77,43.07,77.37,18.35,16.85,71.09,37.14,moderate
1.43,125.38,0.8,30.99,77.36,18.24,8.27,83.22,38.29,moderate
1.51,109.8,0.5,41.01,77.34,19.03,15.16,73.85,36.32,moderate
1.24,71.96,0.73,19.38,77.52,18.89,17.05,78.89,35.06,moderate
1.11,105.13,0.98,23.8,77.44,19.13,13.43,84.04,37.59,moderate
1.61,60.23,0.76,11.2,77.88,18.46,16.11,80.17,38.03,moderate
1.29,53.87,0.84,48.46,77.51,18.67,14.93,76.22,39.81,moderate
1.58,70.27,0.66,36.71,77.51,18.61,10.33,80.34,37.95,moderate
1.15,194.47,0.89,47.33,77.14,19.48,17.13,75.16,37.36,moderate
1.48,132.43,0.89,20.62,77.98,18.44,9.42,74.16,37.87,moderate
1.53,194.87,0.76,34.46,77.25,18.44,13.57,84.95,39.64,moderate
1.05,114.87,0.99,37.14,77.07,18.53,16.18,81.26,39.14,moderate
1.34,96.77,0.56,22.7,77.66,18.85,10.68,79.67,36.61,moderate
1.13,125.92,0.51,43.92,77.6,18.38,9.54,75.33,36.19,moderate
1.06,115.93,0.89,47.89,77.42,19.37,11.89,70.74,36.31,moderate
1.99,65.85,0.9,45.39,77.42,18.4,17.27,70.47,37.52,moderate
1.32,146.12,0.56,39.56,77.79,19.34,18.95,78.31,38.72,moderate
1.81,82.41,0.63,21.1,77.2,18.16,13.18,81.43,37.52,moderate
1.25,142.94,0.51,21.26,77.82,18.98,14.92,78.06,35.34,moderate
1.68,147.53,0.65,48.53,77.65,19.36,18.55,82.61,38.62,moderate
1.76,72.8,0.89,10.41,77.42,18.25,6.48,70.5,39.03,moderate
1.6,59.2,0.76,38.64,77.46,19.45,8.48,75.5,36.45,moderate
1.47,167.11,0.67,38.25,77.26,18.68,15.63,73.56,38.32,moderate
1.41,118.97,0.69,34.91,77.75,19.42,17.36,76.71,37.13,moderate
1.35,58.72,0.5,49.6,77.51,19.02,17.86,71.09,39.45,moderate
1.93,199.23,0.65,22.48,77.32,18.45,11.23,84.31,39.23,moderate
1.83,58.67,0.82,23.6,77.6,18.28,6.34,73.35,37.63,moderate
1.97,154.26,0.99,13.16,78,18.46,11.57,83.83,38.46,moderate
1.12,197.55,0.92,27.71,77.44,18.14,8.46,76.39,39.42,moderate
1.73,85.88,0.51,20.44,77.92,18.22,9.37,84.78,37.48,moderate
1.94,71.34,0.95,23.74,77.35,18.16,16.58,78.31,36.57,moderate
1.18,68.21,0.89,43.38,77.05,18.63,6.13,83.96,38.77,moderate
1.07,95.49,0.89,47.42,77.2,19.19,17.41,70.08,36.1,moderate
1.74,65.16,0.73,17.43,77.42,18.21,11.42,81.22,36.94,moderate
1.57,153.82,0.7,24.9,77.22,18.2,13.94,83.55,39.33,moderate
1.84,59.34,0.65,47.15,77,18.97,6.34,72.1,38.62,moderate
1.14,126.41,0.53,12.47,77.92,18.3,10.06,71.44,37.02,moderate
1.8,199.5,0.61,13.69,77.84,18.15,6.35,76.37,36.07,moderate
1.2,172.1,0.62,16.51,77.74,18.25,19.42,84.01,36.78,moderate
1.16,142.28,0.74,33.81,77.17,19.39,17.11,78.14,36.42,moderate
1.16,95.94,0.87,16.02,77.12,19.23,11.89,77.91,35.88,moderate
1.81,143.58,0.74,48.72,77.07,18.53,8.35,72.12,38.72,moderate
1.67,129.06,0.53,27.87,77.72,18.98,19,70.01,36.26,moderate
1.52,113.91,0.98,30.06,77.93,18.81,10.17,82.15,37.27,moderate
1.36,69.61,0.97,19.87,77.43,19.02,7.41,71.31,36.93,moderate
1.88,182.99,0.89,28.84,77.12,19.02,13.45,79.51,39.91,moderate
1.39,117.47,1,36.48,77.51,18.94,19.16,83.72,36.96,moderate
1.82,79.19,0.77,40.05,77.35,18.4,5.06,73.13,35.4,moderate
1.44,105.16,0.98,40.15,77.37,18.06,8.57,79.98,35.45,moderate
1.38,112.12,0.54,33.12,77.62,18.68,19.08,71.18,37.95,moderate
1.46,174.13,0.68,46.17,77.72,19.34,7.57,79.06,38,moderate
1.3,160.04,0.61,42.7,77.11,18.85,6.7,72.46,37.09,moderate
1.75,165.4,0.6,40.28,77.04,19.25,13.55,81.04,37.16,moderate
1.5,51.65,0.57,12.22,77.99,19.49,17.93,74.52,35.27,moderate
1.23,112.42,0.81,10.28,77.23,18.25,12.16,76.95,37.58,moderate
1.9,122.2,0.89,18.5,77.05,19.04,19.92,78.99,37.52,moderate
1.38,52.88,0.79,36.54,77.19,19.01,15.19,72.57,35.75,moderate
1.54,88.97,0.57,26.45,77.04,19.47,6.11,81.12,35.52,moderate
1.91,164.04,0.91,26.1,77.39,19.48,19.89,74.54,35.62,moderate
1.62,70.57,0.82,45.38,77.8,19.03,11.12,79.94,35.51,moderate
1.12,130.3,0.69,45.82,77.34,18.37,9.31,72.37,38.05,moderate
1.94,82.28,0.84,46.37,77.44,19.2,13.37,80.32,35.98,moderate
1.63,51.82,0.63,22.56,77.68,18.16,9.56,71.92,36.26,moderate
1.33,86.18,0.67,37.64,77.51,19.17,6.3,76.38,35.87,moderate
1.14,196.38,0.96,20.87,77.86,19.37,5.02,73.71,39.79,moderate
1.79,170.23,0.65,17.62,77.87,18.57,11.74,81.23,39.27,moderate
1.62,193.94,0.73,17.39,77.01,18.95,17.55,73.93,36.15,moderate
1.53,123.18,0.95,23.68,77.78,18.65,13.58,83.23,36.64,moderate
1.89,66.46,0.85,27.2,77.46,18.66,19.99,83.38,36.05,moderate
1.79,132.19,0.53,43.24,77.99,18.47,9.3,72.95,37.46,moderate
1.15,118.16,0.57,14.8,77.48,19.14,9.21,79.21,35.1,moderate
1.31,176.65,0.5,39.4,77.99,19.4,7.4,71.32,38.36,moderate
1.25,64.71,0.82,31.26,77.75,19.41,7.46,75.87,37.62,moderate
1.74,123.24,0.72,21.52,77.25,18.26,9.28,80.7,39.49,moderate
1.03,72.51,0.57,29.71,77.54,19.31,16.89,79.89,35.82,moderate
1.57,98.7,0.98,22,77.99,19.11,18.59,79.37,39.02,moderate
1.76,160.6,0.76,33.84,77.86,18.38,19.63,74.24,38.96,moderate
1.88,121.4,0.62,27.35,77.1,18.1,8.48,75.67,35.64,moderate
1.34,106.38,0.75,16.58,77.71,18.4,18.22,71.54,36.99,moderate
1.82,109.17,0.84,14.66,77.35,19.37,9.92,80.79,35.85,moderate
1.11,118.92,0.54,31.87,77.01,18.95,6.69,77.56,36.27,moderate
1.85,167.75,0.64,46.1,77.4,19.08,18.05,80.63,36.32,moderate
1.13,183.81,0.9,23.76,77.23,18.39,14.54,73.73,37.78,moderate
1.4,193.3,0.73,39.32,77.82,19.08,7.47,74.87,37.06,moderate
1.8,168.04,0.77,36.35,77.34,18.04,11.45,75.01,39.74,moderate
1.15,97.31,0.72,47.26,77.83,18.56,9.31,70.39,35.63,moderate
1.23,153.22,0.52,42.84,77,18.94,16.05,75.12,39.87,moderate
1.72,115.64,0.58,32.66,77.31,18.22,11.8,82.05,36.15,moderate
1.72,88.2,0.72,36.28,77.24,19.23,19.84,83.46,38.86,moderate
1.64,176.13,0.6,45.94,77.23,18.35,5.82,77.77,36.69,moderate
1.69,55.76,0.52,25.98,77.07,18.98,10.33,76.83,35.72,moderate
1.54,185.26,0.92,23.07,77.19,18.61,12.23,70.46,39.29,moderate
1.25,119.22,0.99,10.43,77.56,18.89,12.55,83.19,36.54,moderate
1.35,145.58,0.9,43.06,77.29,18.16,9.74,70.2,38.29,moderate
1.18,148.9,0.93,42.04,77.42,18.03,15.94,84.17,37.83,moderate
1.91,184.27,0.62,14.18,77.38,19.36,18.12,77.34,37.36,moderate
1.58,145.5,0.98,33.07,77.88,18.4,19.08,75.13,37.48,moderate
1.4,142.09,0.6,28.56,77.91,19.23,17.08,83.86,38.66,moderate
1.46,60,0.98,14.75,77.49,19.5,17.76,70.37,35.44,moderate
1.95,127.76,1,49.22,77.33,18.32,13.26,78.72,38.34,moderate
1.15,72.53,0.86,18.59,77.11,18.4,17.39,78.23,39.48,moderate
1.59,160.62,0.99,12.69,77.95,18.99,9.55,73.29,35.29,moderate
1.51,126.83,0.78,33.79,77.06,19.45,10.98,76.43,35.7,moderate
1.61,152.03,0.63,39.55,77.3,19.37,9.75,79.78,38.58,moderate
1.02,56.25,0.72,11.3,77.3,18.75,12.01,80.91,37.19,moderate
1.87,62.72,0.8,36.35,77.32,19.19,9.28,70.01,37.02,moderate
1.93,157.45,0.54,31.29,77.16,18.2,19.42,84.05,35.68,moderate
1.57,60.81,0.81,14.13,77.78,19.47,9.69,72.47,37.53,moderate
1.7,60.69,0.99,16.9,77.12,19.45,6.47,73.5,35.63,moderate
1.92,51.82,0.6,32.72,77.63,18.25,12.9,73.95,37.38,moderate
4.12,486.95,1.79,64.82,75.25,15.9,21.71,85.57,47.64,danger
2.46,421.25,1.91,96.92,75.14,15.3,23.32,86.85,42.58,danger
3.73,305.98,1.94,90.94,76.82,15.82,26.58,99.8,44.81,danger
3.82,288.96,1.96,99.18,75.38,17.45,33.93,89.73,49.92,danger
3.27,304.91,1.52,62.98,76.64,16.13,33,86.73,46.87,danger
4.21,432.4,1.98,98.49,76.09,15.27,43.99,86.6,48.41,danger
4.8,398.41,1.76,71.56,75.16,16.03,42.18,95.79,44.15,danger
4.78,255.56,1.16,67.38,76.91,17.94,32.79,97.82,47.68,danger
3.35,252.23,1.48,52.52,75.49,16.89,30.01,88.85,40.41,danger
2.34,229.52,1.72,52.64,76.72,16.25,29.49,85.31,41.23,danger
4.95,398.09,1.25,84.6,75.34,15.5,43.22,88.35,42.03,danger
4.52,429.31,1.64,72.9,76.71,17.96,21.56,85.85,44.02,danger
2.37,279.51,1.67,61.33,75.03,17.46,20.38,86.55,48.46,danger
4.76,206.28,1.16,80.7,76.02,15.84,43.87,91.47,43.46,danger
4.61,224.65,1.57,62.64,76.54,15.21,34.31,88.45,46.55,danger
3.56,490.36,1.77,78.88,76.87,15.17,23.93,92.74,47.09,danger
3.77,288.63,1.5,67.96,76.82,15.36,27.07,88.8,45.86,danger
3.2,430.77,1.01,91.18,76.64,16.74,47.98,99.11,43.57,danger
2.16,387.4,1.01,91.03,76.78,17.79,45.79,98.59,45.77,danger
3.01,314.58,1.36,73.87,75.4,16.49,41.29,93.5,43.42,danger
4.41,261.71,1.93,67.54,75.57,17.53,34.47,90.32,40.84,danger
2.01,236.42,1.23,68.13,75.58,16.34,35.61,90.72,49.93,danger
3,384.5,1.63,90.29,75.75,17.13,49.26,91.18,41.27,danger
3.19,432.39,1.22,66.41,75.79,17.2,48.97,95.91,40.72,danger
3.61,393.17,1.32,60.45,76.09,15.52,26.46,91.77,48.79,danger
4.76,359.09,1.85,54.23,75.32,16.08,44.33,97.85,43.02,danger
3.04,212.59,1.73,73.33,76.38,16.91,25.92,99.16,46.5,danger
3.04,490.55,1.1,74.11,75.34,15.21,26.41,90.04,43.29,danger
4.21,439.61,1.43,92.05,75.62,16.08,40.28,93.41,43.91,danger
3.36,287.85,1.03,61.06,76.01,16.6,32.15,86.43,42.62,danger
2.67,493.99,1.48,69.05,76.59,17.99,47.95,88.01,43.43,danger
3.36,380.56,1.66,90.42,76.48,16.42,22.67,91.2,44.11,danger
2.42,374.73,1.12,91.18,76.29,17.45,35.35,88.09,47.2,danger
2.53,424.42,1.29,69.23,75.31,16.3,47.56,98.15,45.12,danger
3.5,443.53,1.4,72.96,76.09,17.39,47.12,87.37,49.44,danger
3.26,396.94,1.92,65.16,75.17,16.79,24.7,91.83,40.42,danger
4.74,238.43,1.99,96.63,75.75,17.66,31,94.09,45.03,danger
3.09,301.48,1.04,55.93,75.83,16.23,38.57,95.38,45.84,danger
3.74,478.43,1.76,96.69,75.08,16.81,24.78,90.75,49.2,danger
3.9,267.38,1.37,84.19,75.55,16.89,49.04,98.04,40.49,danger
2.04,311.65,1.39,76.58,76.91,16.25,47.44,93.52,45.73,danger
3.99,329.62,1.75,51.63,76.91,15.43,25.01,91.59,48.54,danger
2.53,331.82,1.92,73.78,75.7,15.28,23.63,86.01,42.42,danger
4.88,383.88,1.95,70.39,75.09,15.05,22.56,91.97,48.76,danger
2.45,482.92,1.58,58.06,75.36,17.62,47.28,97.31,40.19,danger
3.24,272.21,1.36,82.82,75.78,15.71,25.81,94.22,47.32,danger
2.26,236.45,1.79,98.56,76.9,15.63,32.49,97.48,49.33,danger
4.99,259.24,1.25,78.11,75.28,17.21,33.47,92.41,46.57,danger
3.51,466.08,1.56,85.74,76.53,15.96,37.97,86.78,44.39,danger
3.79,393.74,1.36,53.42,75.22,16.52,22.15,85.2,40.45,danger
2.2,285.77,1.66,70.88,76.96,15.49,26.8,89.55,49.2,danger
4.25,444.78,1.24,55.82,75.76,17.88,47.94,95.47,44.7,danger
2.63,458.41,1.19,80.64,76.55,17.55,47.25,96.85,40.29,danger
4.69,453.95,1.92,96.92,75.69,17.59,43.44,89.44,46.9,danger
2.62,475.68,1.1,83.09,76.26,16.22,20.58,92.43,44.82,danger
2.57,275.67,1.51,53.84,75.38,17.29,29.81,91.32,41.24,danger
2.11,426.51,1.22,67.73,75.29,15.43,38.84,91.16,42.14,danger
3.42,338.16,1.04,77.53,76.88,15.03,28.26,88.47,40.64,danger
3.69,452.6,1.04,70.16,76.84,15.06,47.29,87.05,45.74,danger
2.2,418.55,1.18,91.68,76.77,16.76,39.02,87.95,46.22,danger
4.33,432.93,1.87,90.73,76.25,16.37,22.16,85.83,45.06,danger
3.36,396.85,1.28,80.59,76.62,16.55,47.27,87.97,48.17,danger
3.57,253.23,1.95,68.67,75.14,15.02,48.73,85.14,48.61,danger
3.32,363.51,1.58,62.77,75.67,16.27,22.33,94.41,46.16,danger
3.2,495.4,1.44,55.29,75.63,17.15,35.97,89.75,40.13,danger
3.68,481.22,1.58,67.74,76.27,16.33,29.1,99.6,46.95,danger
2.47,212.95,1.52,70.66,75.71,17.2,31.79,87.91,44.18,danger
2.55,249.44,1.76,83.79,75.3,15.7,25.39,90.19,45.66,danger
4.59,239.52,1.28,82.91,76.19,17.44,37.34,90.37,46.49,danger
4.84,417.79,1.35,53.51,76.63,16.77,48.74,85.13,43.5,danger
3.12,445.34,1.89,69.76,75.76,15.63,35.09,97.59,49.17,danger
2.81,264.05,1.95,59.09,75.26,15.71,22.49,85.48,41.34,danger
3.93,351.76,1.89,57.84,75.39,16.88,38.6,99.1,46.72,danger
3.23,452.21,1.42,91.37,75.47,17.49,30.21,98.38,40.04,danger
2.08,419.84,1.78,52.1,75.6,16.25,45.68,93.03,49.25,danger
2.47,362.67,1.48,70.96,76.29,15.77,33.04,93.15,41.13,danger
4.15,377.1,1.5,58.41,76.2,17.6,25.79,94.81,40.95,danger
3.98,352.51,1.2,93.97,76.39,17.01,25.73,90.81,43.33,danger
2.08,289.26,1.59,77.85,75.73,16.34,43.06,94.71,43.74,danger
2.67,369.51,1.19,61.57,76.65,16.46,27.97,85.67,42.14,danger
2.69,406.67,1.33,75.12,75.41,15.61,43.02,85.81,45.85,danger
4.02,462,1.86,86.57,75.94,16.88,26.18,91.86,44.43,danger
2.06,390.89,1.21,97.91,76.6,16.08,29.65,93.24,40.34,danger
2.31,428.34,1.07,61.02,75.36,17.99,33.96,98.32,43.2,danger
4.4,248.02,1.07,94.31,75.22,16.44,48.3,86.57,48.1,danger
2.54,338.47,1.94,96.72,76.77,16.46,47.95,97.34,46.9,danger
3.96,202.8,1.51,95.82,75.69,16.7,26.21,88.15,47.25,danger
2.71,274,1.41,81.77,76.37,17.75,30.75,90.91,46.98,danger
2.3,417.94,1.81,81.49,75.05,17.4,24.48,89.75,43.11,danger
2.73,497.54,1.84,70.16,76.38,16.35,35.3,91,41,danger
4.17,229.75,1.33,87.62,75.63,17.16,33.82,87.26,42.72,danger
4.57,320.45,1.69,76.56,75.11,16.76,47.02,92.55,48.32,danger
4.49,440.02,1.77,83.87,76.22,16.48,47.9,97.02,49.8,danger
3.19,261.21,1.65,71.42,75.48,15.58,31.51,91.62,44.94,danger
4,366.53,1.15,86.57,75.77,16.39,34.75,92.36,40.1,danger
2.61,419.92,1.88,91.22,75.16,15.74,46.89,97.73,41.4,danger
2.88,384.8,1.54,57.32,75.29,17.74,44.2,95.59,43.22,danger
4.69,256.41,1.28,91.65,75.6,16.01,20.11,92.36,45.79,danger
2.04,306.62,1.43,77.01,75.18,17.86,29.6,88.87,40.75,danger
2.26,435.14,1.04,92.23,76.82,16.6,32.65,98.27,49.43,danger
2.62,366.27,1.13,71.57,75.01,16.89,26.89,93.66,43.65,danger
2.08,201.57,1.77,68.95,75.97,16.63,25.99,88.32,49.13,danger
2.54,428.3,1,95.75,75.25,15.39,21.13,89.04,47.81,danger
3.75,210.59,1.42,62.56,75.62,16.13,39.3,97.05,47.55,danger
3.26,423.72,1.52,92.21,76.85,15.3,27.88,85.66,46.07,danger
4.68,260.74,1.05,74.2,75.32,16.87,21.57,99.88,46.27,danger
4.45,487.42,1.97,75.7,76.93,16.34,26.93,86.96,46.38,danger
3.03,310.38,1.23,65.42,75.41,17.33,44.06,96.94,46.29,danger
2.78,298.08,1.3,78.65,76.48,15.66,45.54,90.92,45.54,danger
3.14,244.67,1.3,66.26,76.09,15.49,34.49,92.38,49.86,danger
3.77,291.68,1.23,51.96,76.77,16.22,32.48,98.21,47.32,danger
2.8,463,1,63.6,76.11,17.78,49.34,91.19,47.77,danger
3.87,498.9,1.73,50.32,76.07,17.13,26.02,93.06,48.72,danger
3.23,310.49,1.97,98.92,75.39,16.26,26.46,85.74,42.16,danger
3.66,334.58,1.22,98.29,75.33,16.55,28.76,85.04,40.84,danger
3.31,416.62,1.66,69.76,76.83,15.25,25.18,88.67,44.83,danger
2.88,465.86,1.74,86.42,75.66,17.95,31.38,95.21,45.14,danger
4.85,377.91,1.85,67.29,75.74,17,47.33,86.82,48.29,danger
4.29,317.46,1.42,83.55,76.52,15.86,38.46,86.71,44.44,danger
2.42,323.79,1.3,90.27,75.68,16.76,32.36,91.16,45.71,danger
4.61,408.69,1.33,97.34,76.9,15.33,48.03,94.72,45.27,danger
3.46,200.97,1.71,70.01,76.48,17.9,21.45,95.68,40.38,danger
4.68,385.88,1.82,89.16,76.19,15.52,26.31,87.68,46.15,danger
4.4,306.65,1.18,63.3,76.76,16.94,36.98,86.19,48.28,danger
3.28,438.26,1.37,99.52,75.1,15.74,38.47,99.11,41.58,danger
2.07,227.9,1.9,51.29,75.51,17.15,21.19,88.91,45.94,danger
2.81,376.46,1.81,80.18,75.93,17.33,32.09,97.8,45.94,danger
3.62,344.29,1.98,82.98,75.45,17.02,39.47,97.95,41.64,danger
3.9,392.7,1.75,84.4,76.49,16.84,40.94,96.59,41.23,danger
2.77,219.46,1.39,56.02,76.84,17.68,39.14,87.53,49.8,danger
2.42,374,1.59,96.93,75.85,15.24,29.62,97.33,43.94,danger
4.5,368.45,1.66,59.06,75.68,15.99,22.81,96.54,42.27,danger
4.95,368.2,1.08,81.14,76.92,15.74,32.81,93.95,41.71,danger
3.58,381.05,1.54,61.13,75.89,17.96,23.86,90.06,46.68,danger
2.52,402.94,1.71,65.36,75.98,16.17,48.43,88.94,46.09,danger
2.82,441.5,1.17,77.32,75.7,17.2,34.26,86.83,46.44,danger
2.06,280.95,1.78,70.86,76.82,17.05,29.52,92.65,40.88,danger
4.74,447.51,1.58,58.01,76.14,15.64,42.99,93.78,48.94,danger
2.35,349.48,1.95,58.55,76.52,15.72,34.94,90.39,43.89,danger
3.73,223.12,1.04,70.91,76.62,15.84,29.3,92.13,43.13,danger
2.82,217.57,1.27,87.86,75.68,16.23,44.36,90.45,44.62,danger
3.66,300.27,1.6,94.9,75.87,15.7,46.01,94.62,43.9,danger
3.95,435.47,1.3,54.21,76.7,15.06,40.19,98.52,48.64,danger
4.49,412.3,1.71,69.66,75.73,17.64,21.41,87.46,49.29,danger
2.62,436.58,1.76,55.01,76.59,17.9,36.99,90.72,43.03,danger
2.03,355.18,1.1,50.83,76.88,16.02,42.9,87.11,48.64,danger
2.41,332.06,1.51,83.09,76.25,16.02,24.1,94.37,47.82,danger
4.7,244.24,1.51,80.12,76.48,15.02,26.86,95.93,49.31,danger
4.62,298.46,1.37,58.15,76.61,17.04,46.47,98.98,42.46,danger
3.79,330.21,1.93,61.69,76.69,17.48,20.6,89.18,45.77,danger
3.8,226.58,1.83,51.19,75.79,15.44,42.58,99.25,42.75,danger
4,266.18,1.7,91.75,75.1,15.48,34.21,85.95,48.24,danger
2.53,379.47,1.71,98.73,75.8,17.37,33.4,94.05,40.05,danger
4.74,420.7,1.46,56.77,76.35,16.85,20.21,85.86,45.65,danger
3.26,499.5,1.92,61.57,75.9,15.13,44.58,98.41,43.39,danger
3.15,479.93,1.69,93.42,76.5,16.87,30.79,92.95,43.23,danger
3.56,392.77,1.73,96.32,75.71,15.93,36.22,95.04,46.45,danger
2.14,326.37,1.86,70.98,76.27,16.11,40.32,97.47,48.51,danger
2.5,390.85,1.27,52.53,75.37,17.31,41.08,87.25,46.09,danger
4.21,435.7,1.81,51.97,76.5,17.43,48.68,85.58,48.53,danger
2.25,235.5,1.2,78.7,76.09,16.2,35.94,98.18,42.65,danger
3.81,322.97,1.35,69.64,75.41,17.84,31.99,89.72,45.2,danger
2.74,451.94,1.34,51.43,75.58,16.22,48.61,86.93,44.51,danger
3.17,315.15,1.98,79.16,76.5,17.32,39.26,92.03,40.12,danger
2.87,371.56,1.86,50.57,75.97,16.45,28.94,93.97,45.57,danger
3.07,376.33,1.7,89.37,75.43,17.69,23.79,85.46,46.62,danger
4.16,255.34,1.73,65.32,76.93,17.72,45.28,89.12,45.92,danger
2.89,308.67,1.56,52.01,76.43,15.26,30.87,85.49,47.36,danger
3.7,300.35,1.95,79.42,76.91,17.81,39.81,91.31,45.71,danger
3.43,207.86,1.5,69.88,75.85,17.48,34.12,98.43,40.67,danger
3.99,207.26,1.38,98.69,75.95,17.37,25.97,99.74,41.16,danger
4.81,449.51,1.16,77.21,76.8,15.6,38.05,94.56,45.96,danger
4.2,281.92,1.79,63.76,76.05,17.42,21.82,87.42,42.75,danger
2.64,355.42,1.73,85.47,76.41,17.55,32.4,98.59,40.8,danger
2.09,289.62,1.38,63.57,75.5,15.87,36.4,92.74,44.3,danger
2.79,482.2,1.03,95.21,75.89,17.86,33.08,87.31,45.54,danger
3.79,277.79,1.84,68.74,75.25,15.15,42.46,98.83,43.29,danger
2.15,328.9,1.01,77.49,75.41,15.45,44.84,96.36,47.2,danger
3.49,461.82,1.7,52.53,75,16.61,43.14,95.98,46.44,danger
3.79,452.58,1.97,71.31,75.08,16.73,21.16,95.64,43.33,danger
3,255.83,1.44,91.62,76.95,16.94,25.82,88.01,47.55,danger
4.31,440.79,1.23,90.28,75.48,15.05,36.1,88.17,46.49,danger
2.32,337.46,1.7,61.22,76.33,17.88,48.04,95.32,46.37,danger
2.23,344.89,1.82,61.3,76.68,15.13,45.05,88.3,45.53,danger
4.18,240.04,1.55,90.87,76.1,15.43,45.28,91.58,40.11,danger
3.49,224.18,1.97,96.52,75.31,15.04,29.1,96.73,46.97,danger
4.07,418.38,1.05,54.77,76.46,16.7,32.88,96.76,43.76,danger
3.3,348.94,1.5,72.5,76.2,17.8,34.12,91.8,49.43,danger
2.74,331.06,1.72,66.87,76.46,17,24.72,96.88,48.18,danger
4.46,418.85,1.86,93.53,76.54,17.47,20.93,97.58,45.88,danger
4.4,429.65,1.18,54.18,76.95,15.04,48.41,94.82,42.52,danger
4.08,247.67,1.8,60.56,76.15,16.63,27.22,88.43,42.04,danger
2.82,383.07,1.55,87.62,75.68,16.38,27.2,89.11,43.4,danger
3.77,240.61,1.4,52.56,76.3,16.5,22.5,89.72,44.77,danger
3.08,425.41,1.13,74.63,75.14,15.22,47.86,86.75,42.96,danger
2.27,397.09,1.87,72.11,76.79,17.05,37.39,89.1,45.15,danger
4.75,486.98,1.16,66.72,75.24,16.51,40.01,88.14,41.65,danger
2.41,220.69,1.31,69.73,75.66,17.3,47.35,91.83,49.78,danger
4.85,217.12,1.29,76.5,76.63,16.46,30.37,98.63,41.08,danger
3.34,284.66,1.87,58.07,76.19,15.45,38.65,86.57,49.32,danger
